{
  "model_name": "tf_efficientnetv2_s",
  "img_size": 320,
  "num_classes": 23,
  "batch_size": 8,
  "epochs": 28,
  "class_weights": [
    0.8058092594146729,
    0.5888923406600952,
    1.3830476999282837,
    1.5100992918014526,
    2.348358392715454,
    0.5479503273963928,
    1.672522783279419,
    2.8203325271606445,
    1.6676748991012573,
    1.191196322441101,
    1.6116185188293457,
    1.4602736234664917,
    0.6508459448814392,
    2.603383779525757,
    0.48146262764930725,
    1.5677052736282349,
    0.4934372305870056,
    1.1150151491165161,
    0.5206767916679382,
    3.1787173748016357,
    1.403287410736084,
    1.6252763271331787,
    0.6226708292961121
  ],
  "mixup_alpha": 0.03,
  "mixup_prob": 0.2,
  "seed": 42
}